,Postal Code,City,Street,Latitude,Longitude
0,877,Valby,Vigerslev Allé 18,55.67567000000008,12.567560000000071
1,900,København C,Vesterbrogade 2A,55.67567000000008,12.567560000000071
2,910,København C,Ufrankerede svarforsendelser,55.67567000000008,12.567560000000071
3,929,København C,Ufrankerede svarforsendelser,55.67567000000008,12.567560000000071
4,999,København C,Emil Holms Kanal 20,55.67567000000008,12.567560000000071
5,1000,København K,Købmagergade 33,55.67567000000008,12.567560000000071
32,1045,København K,Ufrankerede svarforsendelser,55.67567000000008,12.567560000000071
33,1050,København K,Kongens Nytorv,55.68045281500008,12.586210000000051
34,1051,København K,Nyhavn,55.679770000000076,12.59220450500004
35,1052,København K,Herluf Trolles Gade,55.67906000000005,12.589268960000027
36,1053,København K,Cort Adelers Gade,55.67780380500005,12.590820000000065
37,1054,København K,Peder Skrams Gade,55.677622952000036,12.58928000000003
38,1055,København K,Tordenskjoldsgade,55.67847500000005,12.587253902000043
39,1055,København K,August Bournonvilles Passage,55.67847500000005,12.587253902000043
40,1056,København K,Heibergsgade,55.67898000000008,12.587790686000062
41,1057,København K,Holbergsgade,55.67819500000007,12.589415236000036
42,1058,København K,Havnegade,55.677364632000035,12.59050428300003
43,1059,København K,Niels Juels Gade,55.677085455000054,12.58663000000007
44,1060,København K,Holmens Kanal,55.67776500000008,12.58603374300003
45,1061,København K,Ved Stranden,55.67735000000005,12.581401451000033
46,1062,København K,Boldhusgade,55.677310000000034,12.582108549000054
47,1063,København K,Laksegade,55.67810000000003,12.583979524000029
48,1064,København K,Asylgade,55.678510000000074,12.583974500000068
49,1065,København K,Fortunstræde,55.67794500000008,12.58098083300007
50,1066,København K,Admiralgade,55.677865000000054,12.582047044000035
51,1067,København K,Nikolaj Plads,55.678690000000074,12.581696500000021
52,1068,København K,Nikolajgade,55.67781500000007,12.582802166000022
53,1069,København K,Bremerholm,55.67840000000007,12.583315458000072
54,1070,København K,Vingårdstræde,55.67884000000004,12.584269254000048
55,1071,København K,Dybensgade,55.67799118500005,12.583127901000069
56,1072,København K,Lille Kirkestræde,55.67841000000004,12.58063197000007
57,1073,København K,Store Kirkestræde,55.67881500000004,12.580344500000024
58,1074,København K,Lille Kongensgade,55.67945000000003,12.584042931000056
59,1092,København K,Holmens Kanal 2-12,55.67567000000008,12.567560000000071
60,1093,København K,Havnegade 5,55.67567000000008,12.567560000000071
61,1095,København K,Kongens Nytorv 13,55.67567000000008,12.567560000000071
62,1098,København K,Esplanaden 50,55.67567000000008,12.567560000000071
63,1100,København K,Østergade,55.67952000000008,12.582400022000058
64,1101,København K,Ny Østergade,55.681963007000036,12.581619080000053
65,1102,København K,Pistolstræde,55.68034510900003,12.582820000000027
66,1103,København K,Hovedvagtsgade,55.680495000000064,12.583894804000067
67,1104,København K,Ny Adelgade,55.68133618600007,12.584081732000072
68,1105,København K,Kristen Bernikows Gade,55.68011441200008,12.582345000000032
69,1106,København K,Antonigade,55.679830468000034,12.581410000000062
70,1107,København K,Grønnegade,55.681035000000065,12.582384387000047
71,1110,København K,Store Regnegade,55.68146000000007,12.581837262000022
72,1111,København K,Christian IX's Gade,55.68211990200007,12.580840000000023
73,1112,København K,Pilestræde,55.68149000000005,12.578340156000024
74,1113,København K,Silkegade,55.679824265000036,12.580035000000066
75,1114,København K,Kronprinsensgade,55.68050562500008,12.579245000000071
76,1115,København K,Klareboderne,55.680990000000065,12.578436030000034
77,1116,København K,Møntergade,55.682270000000074,12.580168590000028
78,1117,København K,Gammel Mønt,55.68164000000007,12.580246298000077
79,1118,København K,Sværtegade,55.680963321000036,12.581320086000062
80,1119,København K,Landemærket,55.68180000000007,12.576020732000075
81,1120,København K,Vognmagergade,55.68245500000006,12.57852212900002
82,1121,København K,Lønporten,55.68283000000008,12.578714167000044
83,1122,København K,Sjæleboderne,55.682223889000056,12.579560000000072
84,1123,København K,Gothersgade,55.68434000000008,12.578023913000038
85,1124,København K,Åbenrå,55.683335000000056,12.575716471000021
86,1125,København K,Suhmsgade,55.68271879900004,12.576220000000035
87,1126,København K,Pustervig,55.68232000000006,12.575146585000027
88,1127,København K,Hauser Plads,55.682651742000076,12.575740000000053
89,1128,København K,Hausergade,55.68271500000003,12.574860649000072
90,1129,København K,Sankt Gertruds Stræde,55.68312000000003,12.574602308000067
91,1130,København K,Rosenborggade,55.68332000000004,12.573597192000022
92,1131,København K,Tornebuskegade,55.683880000000045,12.57412193500005
93,1140,København K,Møntergade 19,55.67567000000008,12.567560000000071
94,1147,København K,Pilestræde 34,55.67567000000008,12.567560000000071
95,1148,København K,Vognmagergade 11,55.67567000000008,12.567560000000071
96,1150,København K,Købmagergade,55.68133500000005,12.57559272800006
97,1151,København K,Valkendorfsgade,55.67915500000004,12.576559634000034
98,1152,København K,Løvstræde,55.680405000000064,12.57708658200005
99,1153,København K,Niels Hemmingsens Gade,55.67993500000006,12.576891364000062
100,1154,København K,Gråbrødretorv,55.67998000000006,12.576022863000048
101,1155,København K,Kejsergade,55.67998000000006,12.575324530000046
102,1156,København K,Gråbrødrestræde,55.679529510000066,12.575195000000065
103,1157,København K,Klosterstræde,55.67919500000005,12.575385501000028
104,1158,København K,Skoubogade,55.67874500000005,12.573728176000031
105,1159,København K,Skindergade,55.679888506000054,12.574155000000076
106,1160,København K,Amagertorv,55.67903718800005,12.577615000000037
107,1161,København K,Vimmelskaftet,55.67864000000003,12.575063000000057
108,1162,København K,Jorcks Passage,55.67887681000008,12.574215776000074
109,1163,København K,Klostergården,55.67567000000008,12.567560000000071
110,1164,København K,Nygade,55.67796500000003,12.573876891000054
111,1165,København K,Nørregade,55.68077500000004,12.571006902000022
112,1166,København K,Dyrkøb,55.679095000000075,12.572786964000045
113,1167,København K,Bispetorvet,55.67896252600008,12.571630000000027
114,1168,København K,Frue Plads,55.67975500000006,12.572660303000077
115,1169,København K,Store Kannikestræde,55.68058000000008,12.57502624700004
116,1170,København K,Lille Kannikestræde,55.680120000000045,12.574756635000028
117,1171,København K,Fiolstræde,55.681520000000035,12.57246830400004
118,1172,København K,Krystalgade,55.680585000000065,12.573492545000022
119,1173,København K,Peder Hvitfeldts Stræde,55.68164000000007,12.573769474000073
120,1174,København K,Rosengården,55.68220500000007,12.572844838000037
121,1175,København K,Kultorvet,55.68225630500007,12.574153097000021
122,1200,København K,Højbro Plads,55.67816781800008,12.580035000000066
123,1201,København K,Læderstræde,55.678420000000074,12.578791765000062
124,1202,København K,Gammel Strand,55.67765000000003,12.578414444000032
125,1203,København K,Nybrogade,55.676105000000064,12.575654597000039
126,1204,København K,Magstræde,55.67667000000006,12.575773182000034
127,1205,København K,Snaregade,55.67706000000004,12.576626615000066
128,1206,København K,Naboløs,55.67755500000004,12.577060588000052
129,1207,København K,Hyskenstræde,55.677900116000046,12.57665000000003
130,1208,København K,Kompagnistræde,55.676735000000065,12.57488214600005
131,1209,København K,Badstuestræde,55.67776500000008,12.575759576000053
132,1210,København K,Knabrostræde,55.67743500000006,12.575051571000074
133,1211,København K,Brolæggerstræde,55.67743500000006,12.574188468000045
134,1212,København K,Vindebrogade,55.67615366800004,12.576774799000077
135,1213,København K,Bertel Thorvaldsens Plads,55.67620000000005,12.577705882000032
136,1214,København K,Søren Kierkegaards Plads,55.674882514000046,12.579224612000075
137,1214,København K,Tøjhusgade,55.674882514000046,12.579224612000075
138,1215,København K,Børsgade,55.67559000000006,12.584570868000071
139,1216,København K,Slotsholmsgade,55.67522000000008,12.583882304000042
140,1217,København K,Børsen,55.67567000000008,12.567560000000071
141,1218,København K,Rigsdagsgården,55.675423472000034,12.57832197700003
142,1218,København K,Proviantpassagen,55.675423472000034,12.57832197700003
143,1218,København K,Prins Jørgens Gård,55.675423472000034,12.57832197700003
144,1218,København K,Christiansborg Ridebane,55.675423472000034,12.57832197700003
145,1218,København K,Christiansborg Slotsplads,55.675423472000034,12.57832197700003
146,1218,København K,Christiansborg,55.675423472000034,12.57832197700003
147,1219,København K,Christians Brygge ulige nr. + 2-22,55.67405500000007,12.583811750000052
148,1220,København K,Frederiksholms Kanal,55.67380000000003,12.57958745700006
149,1240,København K,Christiansborg,55.67567000000008,12.567560000000071
150,1250,København K,Sankt Annæ Plads,55.681940747000056,12.590960000000052
151,1251,København K,Kvæsthusgade,55.68001000000004,12.593758516000037
152,1252,København K,Kvæsthusbroen,55.68096409100008,12.594985268000073
153,1253,København K,Toldbodgade,55.68432815500006,12.595356560000027
154,1254,København K,Lille Strandstræde,55.68076000000008,12.589810095000075
155,1255,København K,Store Strandstræde,55.68131000000005,12.589009684000075
156,1256,København K,Amaliegade,55.68725000000006,12.596551477000048
157,1257,København K,Amalienborg,55.683895000000064,12.593348082000034
158,1258,København K,Larsens Plads,55.67567000000008,12.567560000000071
159,1259,København K,Nordre Toldbod,55.70315500000004,12.614869569000064
160,1259,København K,Trekroner,55.70315500000004,12.614869569000064
161,1260,København K,Bredgade,55.68608000000006,12.593684929000062
162,1261,København K,Palægade,55.68189000000007,12.587340674000075
163,1263,København K,Churchillparken,55.69002500000005,12.598913482000057
164,1263,København K,Esplanaden,55.69002500000005,12.598913482000057
165,1264,København K,Store Kongensgade,55.685880000000054,12.589063624000062
166,1265,København K,Frederiksgade,55.68472000000003,12.588661667000054
167,1266,København K,Bornholmsgade,55.68750966700003,12.590865000000065
168,1267,København K,Hammerensgade,55.68843500000003,12.591322717000025
169,1268,København K,Jens Kofods Gade,55.68865000000005,12.590274736000026
170,1270,København K,Grønningen,55.68963500000007,12.590384524000058
171,1271,København K,Poul Ankers Gade,55.68912500000005,12.58977150800007
172,1291,København K,Sankt Annæ Plads 26-28,55.67567000000008,12.567560000000071
173,1300,København K,Borgergade,55.685314119000054,12.586895686000048
174,1301,København K,Landgreven,55.68258814500007,12.586249185000042
175,1302,København K,Dronningens Tværgade,55.68379500000003,12.586225562000038
176,1303,København K,Hindegade,55.68611000000004,12.587877737000042
177,1304,København K,Adelgade,55.68337000000008,12.58327994800004
178,1306,København K,Kronprinsessegade,55.683735908000074,12.581945000000076
179,1307,København K,Sølvgade,55.68650130800006,12.580476935000036
180,1307,København K,Georg Brandes Plads,55.68650130800006,12.580476935000036
181,1308,København K,Klerkegade,55.68668000000008,12.584964186000036
182,1309,København K,Rosengade,55.68727000000007,12.583943050000073
183,1310,København K,Fredericiagade,55.68568727100006,12.59039756900006
184,1311,København K,Olfert Fischers Gade,55.68670231400006,12.588538607000032
185,1312,København K,Gammelvagt,55.68726500000008,12.58580001100006
186,1313,København K,Sankt Pauls Gade,55.68682000000007,12.589757992000045
187,1314,København K,Sankt Pauls Plads,55.68779491100008,12.58691140700006
188,1315,København K,Rævegade,55.68766000000005,12.587750000000028
189,1316,København K,Rigensgade,55.68762500000008,12.58246353800007
190,1317,København K,Stokhusgade,55.688905000000034,12.582932267000047
191,1318,København K,Krusemyntegade,55.68855969100008,12.584699018000038
192,1319,København K,Gernersgade,55.688195000000064,12.587425114000041
193,1320,København K,Haregade,55.68835000000007,12.588031038000054
194,1321,København K,Tigergade,55.68796500000008,12.589615469000023
195,1322,København K,Suensonsgade,55.688860000000034,12.587432659000058
196,1323,København K,Hjertensfrydsgade,55.689535000000035,12.58555930500006
197,1324,København K,Elsdyrsgade,55.689085000000034,12.588102204000052
198,1325,København K,Delfingade,55.68939500000005,12.588267419000033
199,1326,København K,Krokodillegade,55.68971000000005,12.58883535700005
200,1327,København K,Vildandegade,55.69061500000004,12.587466250000034
201,1328,København K,Svanegade,55.69020384600003,12.588285000000042
202,1329,København K,Timiansgade,55.68900000000008,12.58530722200004
203,1349,København K,Sølvgade 40,55.67567000000008,12.567560000000071
204,1350,København K,Øster Voldgade,55.68928000000005,12.58244178600006
205,1352,København K,Rørholmsgade,55.68974000000003,12.572405426000046
206,1353,København K,Øster Farimagsgade 1-19 + 2-2D,55.68704500000007,12.572838537000052
207,1354,København K,Ole Suhrs Gade,55.68927000000008,12.572100387000035
208,1355,København K,Gammeltoftsgade,55.68894500000005,12.571338526000034
209,1356,København K,Bartholinsgade,55.68692000000004,12.567999425000039
210,1357,København K,Øster Søgade 1 - 36,55.68822661300004,12.569150000000036
211,1358,København K,Nørre Voldgade,55.68084500000003,12.568655840000076
212,1359,København K,Ahlefeldtsgade,55.683800000000076,12.564274254000054
213,1360,København K,Frederiksborggade,55.68646913600003,12.563433942000074
214,1361,København K,Israels Plads,55.68291385800006,12.568880000000036
215,1361,København K,Linnésgade,55.68291385800006,12.568880000000036
216,1362,København K,Rømersgade,55.684930000000065,12.570007500000031
217,1363,København K,Vendersgade,55.68516000000005,12.56557418500006
218,1364,København K,Nørre Farimagsgade,55.68115000000006,12.566347789000076
219,1365,København K,Schacksgade,55.68212334300006,12.56440122600003
220,1366,København K,Nansensgade,55.682867162000036,12.564710000000048
221,1367,København K,Kjeld Langes Gade,55.68317942700003,12.563475528000026
222,1368,København K,Turesensgade,55.681340000000034,12.56368832100003
223,1369,København K,Gyldenløvesgade Lige nr,55.682165000000055,12.559138148000045
224,1370,København K,Nørre Søgade,55.68367837300008,12.562285000000031
225,1371,København K,Søtorvet,55.68589000000003,12.565129844000069
226,1400,København K,Torvegade,55.67015500000008,12.595782500000041
227,1400,København K,Knippelsbro,55.67015500000008,12.595782500000041
228,1401,København K,Strandgade,55.67693902500008,12.595326281000041
229,1402,København K,Johan Semps Gade,55.672107778000054,12.586209668000038
230,1402,København K,Asiatisk Plads,55.672107778000054,12.586209668000038
231,1402,København K,David Balfours Gade,55.672107778000054,12.586209668000038
232,1402,København K,Hammershøi Kaj,55.672107778000054,12.586209668000038
233,1402,København K,Nicolai Eigtveds Gade,55.672107778000054,12.586209668000038
234,1403,København K,Wilders Plads,55.67564500000003,12.593804839000029
235,1404,København K,Krøyers Plads,55.67567000000008,12.567560000000071
236,1405,København K,Grønlandske Handels Plads,55.67567000000008,12.567560000000071
237,1406,København K,Christianshavns Kanal,55.67541389400003,12.592688284000076
238,1407,København K,Bådsmandsstræde,55.67141500000008,12.59743706200004
239,1408,København K,Wildersgade,55.67227500000007,12.58869396700004
240,1409,København K,Knippelsbrogade,55.67342963400006,12.588185773000077
241,1410,København K,Christianshavns Torv,55.67213500000008,12.591137760000038
242,1411,København K,Langebrogade,55.67072500000006,12.583355742000037
243,1411,København K,Applebys Plads,55.67072500000006,12.583355742000037
244,1412,København K,Voldgården,55.670600000000036,12.585934018000046
245,1413,København K,Ved Kanalen,55.67058250500003,12.586741392000022
246,1414,København K,Overgaden neden Vandet,55.67170679100008,12.589146460000052
247,1415,København K,Overgaden oven Vandet,55.67445500000008,12.594845246000034
248,1416,København K,Sankt Annæ Gade,55.672076950000076,12.595204885000044
249,1417,København K,Mikkel Vibes Gade,55.67278212700006,12.592430591000038
250,1418,København K,Sofiegade,55.670885000000055,12.590939956000057
251,1419,København K,Store Søndervoldstræde,55.67043638900003,12.589000000000055
252,1420,København K,Dronningensgade,55.67191500000007,12.592151296000054
253,1421,København K,Lille Søndervoldstræde,55.67023000000006,12.588340000000073
254,1422,København K,Prinsessegade,55.67626362500005,12.600591654000027
255,1423,København K,Amagergade,55.67085000000003,12.592575651000061
256,1424,København K,Christianshavns Voldgade,55.67008000000004,12.590146846000039
257,1425,København K,Ved Volden,55.67187000000007,12.594415333000029
258,1426,København K,Voldboligerne,55.67241500000006,12.596575131000066
259,1427,København K,Brobergsgade,55.675320000000056,12.596514303000049
260,1428,København K,Andreas Bjørns Gade,55.67587000000003,12.597925450000048
261,1429,København K,Burmeistersgade,55.67529500000006,12.598111937000056
262,1430,København K,Bodenhoffs Plads,55.676055000000076,12.599962578000031
263,1431,København K,Islands Plads,55.67567000000008,12.567560000000071
264,1432,København K,William Wains Gade,55.693199666000055,12.615650000000073
265,1432,København K,Margretheholmsvej,55.693199666000055,12.615650000000073
266,1432,København K,Refshalevej,55.693199666000055,12.615650000000073
267,1433,København K,Christiansholms Ø,55.72036500000007,12.66623531600004
268,1433,København K,Quintus,55.72036500000007,12.66623531600004
269,1433,København K,Flakfortet,55.72036500000007,12.66623531600004
270,1433,København K,Lynetten,55.72036500000007,12.66623531600004
271,1433,København K,Margretheholm,55.72036500000007,12.66623531600004
272,1433,København K,Refshaleøen,55.72036500000007,12.66623531600004
273,1433,København K,Middelgrundsfortet,55.72036500000007,12.66623531600004
274,1434,København K,Danneskiold-Samsøes Allé,55.67762197300004,12.602745861000074
275,1435,København K,Philip de Langes Allé,55.68129927000007,12.603465000000028
276,1436,København K,Halvtolv,55.67681500000003,12.605385413000022
277,1436,København K,Kuglegården,55.67681500000003,12.605385413000022
278,1436,København K,Værftsbroen,55.67681500000003,12.605385413000022
279,1436,København K,Trangravsvej,55.67681500000003,12.605385413000022
280,1436,København K,Arsenalvej,55.67681500000003,12.605385413000022
281,1436,København K,Kuglegårdsvej,55.67681500000003,12.605385413000022
282,1436,København K,Søartillerivej,55.67681500000003,12.605385413000022
283,1437,København K,Kanonbådsvej,55.67927135200006,12.605890000000045
284,1437,København K,Masteskursvej,55.67927135200006,12.605890000000045
285,1437,København K,Bohlendachvej,55.67927135200006,12.605890000000045
286,1437,København K,Stibolts Kvarter,55.67927135200006,12.605890000000045
287,1437,København K,Takkelloftsvej,55.67927135200006,12.605890000000045
288,1437,København K,Theodor Christensens Plads,55.67927135200006,12.605890000000045
289,1437,København K,Hohlenbergs Kvarter,55.67927135200006,12.605890000000045
290,1437,København K,Krabbes Kvarter,55.67927135200006,12.605890000000045
291,1437,København K,Eik Skaløes Plads,55.67927135200006,12.605890000000045
292,1437,København K,Leo Mathisens Vej,55.67927135200006,12.605890000000045
293,1437,København K,Schifters Kvarter,55.67927135200006,12.605890000000045
294,1437,København K,Per Knutzons Vej,55.67927135200006,12.605890000000045
295,1437,København K,Fabrikmestervej,55.67927135200006,12.605890000000045
296,1437,København K,Galionsvej,55.67927135200006,12.605890000000045
297,1438,København K,Judichærs Kvarter,55.68201000000005,12.600828183000033
298,1438,København K,Benstrups Kvarter,55.68201000000005,12.600828183000033
299,1438,København K,Dokøvej,55.68201000000005,12.600828183000033
300,1438,København K,Judichærs Plads,55.68201000000005,12.600828183000033
301,1438,København K,Ekvipagemestervej,55.68201000000005,12.600828183000033
302,1438,København K,Orlogsværftvej,55.68201000000005,12.600828183000033
303,1439,København K,Kongebrovej,55.68689139700007,12.607420000000047
304,1439,København K,H.C. Sneedorffs Allé,55.68689139700007,12.607420000000047
305,1439,København K,A.H. Vedels Plads,55.68689139700007,12.607420000000047
306,1439,København K,Henrik Spans Vej,55.68689139700007,12.607420000000047
307,1439,København K,Takkeladsvej,55.68689139700007,12.607420000000047
308,1439,København K,Spanteloftvej,55.68689139700007,12.607420000000047
309,1439,København K,Henrik Gerners Plads,55.68689139700007,12.607420000000047
310,1439,København K,Krudtløbsvej,55.68689139700007,12.607420000000047
311,1439,København K,Bradbænken,55.68689139700007,12.607420000000047
312,1439,København K,Elefanten,55.68689139700007,12.607420000000047
313,1439,København K,Eskadrevej,55.68689139700007,12.607420000000047
314,1439,København K,P. Løvenørns Vej,55.68689139700007,12.607420000000047
315,1440,København K,Blå Karamel,55.67707000000007,12.609239337000076
316,1440,København K,Mælkevejen,55.67707000000007,12.609239337000076
317,1440,København K,Sydområdet,55.67707000000007,12.609239337000076
318,1440,København K,Psyak,55.67707000000007,12.609239337000076
319,1440,København K,Løvehuset,55.67707000000007,12.609239337000076
320,1440,København K,Tinghuset,55.67707000000007,12.609239337000076
321,1440,København K,Fredens Ark,55.67707000000007,12.609239337000076
322,1440,København K,Bjørnekloen,55.67707000000007,12.609239337000076
323,1440,København K,Fabriksområdet,55.67707000000007,12.609239337000076
324,1440,København K,Nordområdet,55.67707000000007,12.609239337000076
325,1440,København K,Mælkebøtten,55.67707000000007,12.609239337000076
326,1441,København K,Norddyssen,55.67662000000007,12.611608770000032
327,1441,København K,Midtdyssen,55.67662000000007,12.611608770000032
328,1441,København K,Syddyssen,55.67662000000007,12.611608770000032
329,1448,København K,Asiatisk Plads 2,55.67567000000008,12.567560000000071
330,1450,København K,Nytorv,55.67700038500004,12.573320000000024
331,1451,København K,Larslejsstræde,55.67992500000008,12.569615096000064
332,1452,København K,Teglgårdstræde,55.679350000000056,12.568259727000054
333,1453,København K,Sankt Peders Stræde,55.67897277800006,12.569280000000049
334,1454,København K,Larsbjørnsstræde,55.678180000000054,12.569624660000045
335,1455,København K,Studiestræde 1-49 + 2-42,55.67901000000006,12.570517078000023
336,1456,København K,Vestergade,55.67731500000008,12.569360449000044
337,1457,København K,Gammeltorv,55.67810500000007,12.571570296000061
338,1458,København K,Kattesundet,55.67667254200006,12.571720000000028
339,1459,København K,Frederiksberggade,55.67733000000004,12.570707812000023
340,1460,København K,Mikkel Bryggers Gade,55.67660500000005,12.570901470000024
341,1461,København K,Slutterigade,55.67695500000008,12.572658230000059
342,1462,København K,Lavendelstræde,55.67602000000005,12.57137209800004
343,1463,København K,Farvergade,55.675955000000044,12.572481444000061
344,1464,København K,Hestemøllestræde,55.67641500000008,12.57274062600004
345,1465,København K,Gåsegade,55.67603500000007,12.573451610000063
346,1466,København K,Rådhusstræde,55.676789273000054,12.573955000000069
347,1467,København K,Vandkunsten,55.67623500000008,12.574326363000068
348,1468,København K,Løngangstræde,55.67530500000004,12.57281942000003
349,1470,København K,Stormgade 2-16,55.67504000000008,12.574444907000043
350,1471,København K,Ny Vestergade,55.674450000000036,12.575443889000042
351,1472,København K,"Ny Kongensgade,  til 17 + til 16",55.67369000000008,12.576023083000052
352,1473,København K,Bryghusgade,55.67258256900004,12.578375000000051
353,1500,København V,Bernstorffsgade 40,55.67567000000008,12.567560000000071
364,1532,København V,"Kystvejen 26, 2770 Kastrup",55.67567000000008,12.567560000000071
365,1533,København V,"Kystvejen 26, 2770 Kastrup",55.67567000000008,12.567560000000071
366,1550,København V,Rådhuspladsen,55.676100000000076,12.569848939000053
367,1550,København V,Bag Rådhuset,55.676100000000076,12.569848939000053
368,1551,København V,Jarmers Plads,55.67871000000008,12.56571875000003
369,1552,København V,Vester Voldgade,55.67805500000003,12.567520198000068
370,1553,København V,Langebro,55.67419000000007,12.569699058000026
371,1553,København V,H.C. Andersens Boulevard,55.67419000000007,12.569699058000026
372,1554,København V,Studiestræde 51-69 + 46-54,55.67683500000004,12.565042662000053
373,1555,København V,Stormgade Ulige nr + 18-20,55.67422516500005,12.572440000000029
374,1556,København V,Dantes Plads,55.67367000000007,12.573521410000069
375,1557,København V,"Ny Kongensgade, fra 18 + fra 19",55.67301000000003,12.574763264000069
376,1558,København V,Christiansborggade,55.671845000000076,12.577079753000021
377,1559,København V,Christians Brygge 24 - 30,55.67313500000006,12.580864095000038
378,1560,København V,Kalvebod Brygge,55.666040000000066,12.56765891200007
379,1561,København V,Kalvebod Pladsvej,55.66380500000008,12.565095718000066
380,1561,København V,Fisketorvet,55.66380500000008,12.565095718000066
381,1562,København V,Hambrosgade,55.67035500000003,12.573721442000021
382,1563,København V,Otto Mønsteds Plads,55.67078334800004,12.573836140000026
383,1564,København V,Rysensteensgade,55.671266554000056,12.57488733200006
384,1566,København V,Tietgensgade 37,55.67567000000008,12.567560000000071
385,1567,København V,Polititorvet,55.66990000000004,12.570839643000056
386,1568,København V,Mitchellsgade,55.66947000000005,12.572630607000065
387,1569,København V,Edvard Falcks Gade,55.67076000000003,12.571117095000034
388,1570,København V,Københavns Hovedbanegård,55.67341000000005,12.563982100000032
389,1570,København V,Banegårdspladsen,55.67341000000005,12.563982100000032
390,1571,København V,Otto Mønsteds Gade,55.67100500000004,12.572534176000033
391,1572,København V,Anker Heegaards Gade,55.67155500000007,12.573432625000066
392,1573,København V,Puggaardsgade,55.672025000000076,12.573482874000035
393,1574,København V,Niels Brocks Gade,55.67212500000005,12.572293609000042
394,1575,København V,Ved Glyptoteket,55.67205000000007,12.570842010000035
395,1576,København V,Stoltenbergsgade,55.67105500000008,12.569568364000077
396,1577,København V,Bernstorffsgade,55.66722500000003,12.566642719000072
397,1592,København V,Bernstorffsgade 17-19,55.67567000000008,12.567560000000071
398,1599,København V,Rådhuspladsen 1,55.67567000000008,12.567560000000071
399,1600,København V,Gyldenløvesgade Ulige nr.,55.68017500000008,12.562340802000051
400,1601,København V,Vester Søgade,55.67809761900003,12.558215000000075
401,1602,København V,Nyropsgade,55.67761121900003,12.560735000000022
402,1603,København V,Dahlerupsgade,55.67916500000007,12.562434487000075
403,1604,København V,Kampmannsgade,55.67775353900004,12.561830000000043
404,1605,København V,Herholdtsgade,55.67598000000004,12.561129659000073
405,1606,København V,Vester Farimagsgade,55.67665078600004,12.562070000000062
406,1607,København V,Staunings Plads,55.67832946400006,12.563490000000058
407,1608,København V,Jernbanegade,55.67607500000008,12.565751986000066
408,1609,København V,Axeltorv,55.67621500000007,12.564137973000072
409,1610,København V,Gammel Kongevej 1-51 + 2-10,55.67470780100007,12.566921452000031
410,1611,København V,Hammerichsgade,55.677642356000035,12.563765000000046
411,1612,København V,Ved Vesterport,55.67523500000004,12.561142894000056
412,1613,København V,Meldahlsgade,55.67454875400006,12.56165500000003
413,1614,København V,Trommesalen,55.67355500000008,12.56090000000006
414,1615,København V,Sankt Jørgens Allé,55.673721786000044,12.559233495000058
415,1616,København V,Stenosgade,55.67330500000003,12.557127309000066
416,1617,København V,Bagerstræde,55.67301500000008,12.554632122000044
417,1618,København V,Tullinsgade,55.67365039800006,12.551291997000021
418,1619,København V,Værnedamsvej Lige nr.,55.67400743200005,12.550034723000067
419,1620,København V,Vesterbros Torv,55.67265251300006,12.553176913000073
420,1620,København V,Vesterbrogade 1-151 + 2-150,55.67265251300006,12.553176913000073
421,1621,København V,Frederiksberg Allé 1 - 13B,55.67304067826776,12.54840428420361
422,1622,København V,Boyesgade Ulige nr,55.67264295100006,12.546713974000056
423,1623,København V,Kingosgade 1-9 + 2-6,55.67195772500003,12.545128125000076
424,1624,København V,Brorsonsgade,55.67229000000003,12.546312079000074
425,1630,København V,Vesterbrogade 3,55.67567000000008,12.567560000000071
426,1631,København V,Herman Triers Plads,55.682540000000074,12.555422602000021
427,1632,København V,Julius Thomsens Gade Lige nr,55.68207000000007,12.554323190000048
428,1633,København V,Kleinsgade,55.68225000000007,12.55655861400004
429,1634,København V,Rosenørns Allé 2-18,55.681746140005636,12.555849826762799
430,1635,København V,Åboulevard 1-13,55.68295000000006,12.556215444000031
431,1640,København V,Dahlerupsgade 6,55.67567000000008,12.567560000000071
432,1650,København V,Istedgade,55.66964870800007,12.55607838000003
433,1651,København V,Reventlowsgade,55.672105671000054,12.564400000000035
434,1652,København V,Colbjørnsensgade,55.671655000000044,12.56253511500006
435,1653,København V,Helgolandsgade,55.672605255000065,12.561558974000036
436,1654,København V,Abel Cathrines Gade,55.67188345400007,12.558922191000022
437,1655,København V,Viktoriagade,55.67175000000003,12.557617632000074
438,1656,København V,Gasværksvej,55.67125493200007,12.556800000000067
439,1657,København V,Eskildsgade,55.67096732600004,12.555385000000058
440,1658,København V,Absalonsgade,55.67087571600007,12.554358653000065
441,1659,København V,Svendsgade,55.671605000000056,12.554389531000027
442,1660,København V,Dannebrogsgade,55.66949723500005,12.55245702600007
443,1660,København V,Otto Krabbes Plads,55.66949723500005,12.55245702600007
444,1661,København V,Westend,55.67121556900008,12.551990000000046
445,1662,København V,Saxogade,55.67075848500008,12.55072000000007
446,1663,København V,Oehlenschlægersgade,55.667455000000075,12.550360615000045
447,1664,København V,Kaalundsgade,55.67159828400003,12.549045000000035
448,1665,København V,Valdemarsgade,55.670645714000045,12.548917632000041
449,1666,København V,Matthæusgade,55.67047151400004,12.547180000000026
450,1667,København V,Frederiksstadsgade,55.66918500000003,12.547572839000054
451,1668,København V,Mysundegade,55.66846374700003,12.548155000000065
452,1669,København V,Flensborggade,55.66873500000003,12.546963528000049
453,1670,København V,Enghave Plads,55.667095000000074,12.545884718000025
454,1671,København V,Tove Ditlevsens Plads,55.66908753600006,12.54603000000003
455,1671,København V,Haderslevgade,55.66908753600006,12.54603000000003
456,1672,København V,Broagergade,55.66853000000003,12.546413553000036
457,1673,København V,Ullerupgade,55.66791500000005,12.546593750000056
458,1674,København V,"Enghavevej, til 79 + til 78",55.66709822200005,12.543390000000045
459,1675,København V,Kongshøjgade,55.66637500000007,12.546835908000048
460,1676,København V,Sankelmarksgade,55.66605739700003,12.548430000000053
461,1677,København V,Gråstensgade,55.66574500000007,12.547527927000033
462,1699,København V,Staldgade,55.668345000000045,12.563038349000067
463,1700,København V,Halmtorvet,55.66981500000003,12.559421419000046
464,1701,København V,Reverdilsgade,55.671880000000044,12.563434443000062
465,1702,København V,Stampesgade,55.67115000000007,12.56358831800003
466,1703,København V,Lille Colbjørnsensgade,55.67073000000005,12.563097778000042
467,1704,København V,Tietgensgade,55.67080500000003,12.566128712000022
468,1705,København V,Ingerslevsgade,55.66724000000005,12.563273000000038
469,1706,København V,Lille Istedgade,55.67082000000005,12.559477688000072
470,1707,København V,Maria Kirkeplads,55.67203964500004,12.560419830000058
471,1708,København V,Eriksgade,55.669610000000034,12.557535632000054
472,1709,København V,Skydebanegade,55.668547438000076,12.55436959800005
473,1710,København V,Kvægtorvsgade,55.669340000000034,12.564163333000067
474,1711,København V,Flæsketorvet,55.667805000000044,12.558989091000058
475,1712,København V,Høkerboderne,55.668270000000064,12.557600775000026
476,1713,København V,Kvægtorvet,55.67567000000008,12.567560000000071
477,1714,København V,Kødboderne,55.66662000000008,12.558512969000049
478,1715,København V,Slagtehusgade,55.66870042700003,12.560745000000054
479,1716,København V,Slagterboderne,55.66871421900004,12.558750000000032
480,1717,København V,Skelbækgade,55.66683571600004,12.557225000000074
481,1718,København V,Sommerstedgade,55.66651899300007,12.55622500000004
482,1719,København V,Krusågade,55.66652000000005,12.555204988000071
483,1720,København V,Sønder Boulevard,55.66481429600003,12.547650443000066
484,1721,København V,Dybbølsgade,55.665540597000074,12.557051106000074
485,1722,København V,Godsbanegade,55.66543000000007,12.55537322500004
486,1723,København V,Letlandsgade,55.66742000000005,12.552259777000074
487,1724,København V,Estlandsgade,55.66819258100003,12.552289463000022
488,1725,København V,Esbern Snares Gade,55.66461978700005,12.554515000000038
489,1726,København V,Arkonagade,55.66496151200005,12.55266000000006
490,1727,København V,Asger Rygs Gade,55.66488477300004,12.55170000000004
491,1728,København V,Skjalm Hvides Gade,55.66490500000003,12.55060413800004
492,1729,København V,Sigerstedgade,55.66454721500003,12.549119621000045
493,1730,København V,Knud Lavards Gade,55.66436500000003,12.548377737000067
494,1731,København V,Erik Ejegods Gade,55.66405000000003,12.546715167000059
495,1732,København V,Bodilsgade,55.663920000000076,12.545977941000046
496,1733,København V,Palnatokesgade,55.66371925000004,12.544155000000046
497,1734,København V,Heilsgade,55.66525000000007,12.545843611000066
498,1735,København V,Røddinggade,55.66508034200007,12.545030000000054
499,1736,København V,Bevtoftgade,55.66533000000004,12.54376342300003
500,1737,København V,Bustrupgade,55.66481500000003,12.544471841000075
501,1738,København V,Stenderupgade,55.664690000000064,12.543573421000076
502,1739,København V,Enghave Passage,55.66435500000006,12.543052095000064
503,1748,København V,Kammasvej 2,55.67567000000008,12.567560000000071
504,1749,København V,Rahbeks Allé 3-15,55.66951000000006,12.537173708000068
505,1750,København V,Vesterfælledvej,55.66962375400004,12.538810000000069
506,1751,København V,Sundevedsgade,55.67058264800005,12.544532249000042
507,1752,København V,Tøndergade,55.670150000000035,12.543620994000037
508,1753,København V,Ballumgade,55.66911180000005,12.543430000000058
509,1754,København V,Hedebygade,55.669599617000074,12.544210000000021
510,1755,København V,Møgeltøndergade,55.669633102000034,12.54268236400003
511,1756,København V,Amerikavej,55.66945000000004,12.54179814400004
512,1757,København V,Trøjborggade,55.66875500000003,12.541289458000051
513,1758,København V,Lyrskovgade,55.66832000000005,12.541562903000056
514,1759,København V,Rejsbygade,55.66817000000003,12.543907325000077
515,1760,København V,Ny Carlsberg Vej,55.66558500000008,12.545254554000053
516,1761,København V,Ejderstedgade,55.66751655300004,12.540560000000028
517,1762,København V,Slesvigsgade,55.66567500000008,12.540927239000041
518,1763,København V,Dannevirkegade,55.66527728500006,12.542060000000049
519,1764,København V,Alsgade,55.66515500000003,12.541169368000055
520,1765,København V,Angelgade,55.66484000000003,12.539821838000023
521,1766,København V,Slien,55.66443463100006,12.540740000000028
522,1770,København V,Carstensgade,55.66845142500006,12.537362109000071
523,1771,København V,Lundbyesgade,55.66850500000004,12.539247721000038
524,1772,København V,Ernst Meyers Gade,55.66833285800004,12.53860000000003
525,1773,København V,Bissensgade,55.66819500000008,12.538027500000055
526,1774,København V,Küchlersgade,55.66752859800005,12.538875000000075
527,1775,København V,Freundsgade,55.66792689700003,12.536850000000072
528,1777,København V,Jerichausgade,55.66713500000003,12.537900066000077
529,1778,København V,Pasteursvej,55.67567000000008,12.567560000000071
530,1780,København V,Vesterbrogade 2A,55.67567000000008,12.567560000000071
531,1782,København V,Ufrankerede svarforsendelser,55.67567000000008,12.567560000000071
532,1784,København V,Gerdasgade 37,55.67567000000008,12.567560000000071
533,1785,København V,Rådhuspladsen 33 og 37,55.67567000000008,12.567560000000071
534,1786,København V,Vesterbrogade 8,55.67567000000008,12.567560000000071
535,1787,København V,H.C. Andersens Boulevard 18,55.67567000000008,12.567560000000071
536,1789,København V,H.C. Andersens Boulevard 12,55.67567000000008,12.567560000000071
537,1790,København V,Vesterbrogade 2A,55.67567000000008,12.567560000000071
538,1795,København V,Gerdasgade 35-37,55.67567000000008,12.567560000000071
539,1799,København V,Vester Fælledvej 100,55.666450000000054,12.533538356000065
540,1800,Frederiksberg C,"Vesterbrogade, fra 152 og 153",55.670645000000036,12.534448958000041
541,1801,Frederiksberg C,Rahbeks Allé 2-36 + 17-23,55.66886643066953,12.533235323992955
542,1802,Frederiksberg C,Halls Allé,55.67567000000008,12.567560000000071
543,1803,Frederiksberg C,Brøndsteds Allé,55.67567000000008,12.567560000000071
544,1804,Frederiksberg C,Bakkegårds Allé,55.67567000000008,12.567560000000071
545,1805,Frederiksberg C,Kammasvej 1-3 + 4,55.66811000000007,12.531048182000063
546,1806,Frederiksberg C,Jacobys Allé,55.67567000000008,12.567560000000071
547,1807,Frederiksberg C,Schlegels Allé,55.67567000000008,12.567560000000071
548,1808,Frederiksberg C,Asmussens Allé,55.67567000000008,12.567560000000071
549,1809,Frederiksberg C,Frydendalsvej,55.67567000000008,12.567560000000071
550,1810,Frederiksberg C,Platanvej,55.67050089133806,12.539475462185477
551,1811,Frederiksberg C,Asgårdsvej,55.67567000000008,12.567560000000071
552,1812,Frederiksberg C,Kochsvej,55.67567000000008,12.567560000000071
553,1813,Frederiksberg C,Henrik Ibsens Vej,55.67567000000008,12.567560000000071
554,1814,Frederiksberg C,Carit Etlars Vej,55.67567000000008,12.567560000000071
555,1815,Frederiksberg C,Paludan Müllers Vej,55.67567000000008,12.567560000000071
556,1816,Frederiksberg C,Engtoftevej,55.67567000000008,12.567560000000071
557,1817,Frederiksberg C,Carl Bernhards Vej,55.67567000000008,12.567560000000071
558,1818,Frederiksberg C,Kingosgade 8-12 + 11-17,55.67567000000008,12.567560000000071
559,1819,Frederiksberg C,Værnedamsvej Ulige nr.,55.67352842400004,12.549825000000055
560,1820,Frederiksberg C,Frederiksberg Allé 15-65 + 2-104,55.67396500000007,12.539842961000033
561,1822,Frederiksberg C,Boyesgade Lige nr,55.67268500000006,12.546149047000029
562,1823,Frederiksberg C,Haveselskabetsvej,55.67567000000008,12.567560000000071
563,1824,Frederiksberg C,Sankt Thomas Allé,55.67567000000008,12.567560000000071
564,1825,Frederiksberg C,Hauchsvej,55.67567000000008,12.567560000000071
565,1826,Frederiksberg C,Alhambravej,55.67567000000008,12.567560000000071
566,1827,Frederiksberg C,Mynstersvej,55.67567000000008,12.567560000000071
567,1828,Frederiksberg C,Martensens Allé,55.67567000000008,12.567560000000071
568,1829,Frederiksberg C,Madvigs Allé,55.67567000000008,12.567560000000071
570,1850,Frederiksberg C,Gammel Kongevej 85-179 + 60-178,55.67710500000004,12.538817161000054
571,1851,Frederiksberg C,Nyvej,55.67567000000008,12.567560000000071
572,1852,Frederiksberg C,Amicisvej,55.67567000000008,12.567560000000071
573,1853,Frederiksberg C,Maglekildevej,55.67567000000008,12.567560000000071
574,1854,Frederiksberg C,Dr. Priemes Vej,55.67567000000008,12.567560000000071
575,1855,Frederiksberg C,Hollændervej,55.67567000000008,12.567560000000071
576,1856,Frederiksberg C,Edisonsvej,55.67567000000008,12.567560000000071
577,1857,Frederiksberg C,Hortensiavej,55.67567000000008,12.567560000000071
578,1860,Frederiksberg C,Christian Winthers Vej,55.67567000000008,12.567560000000071
579,1861,Frederiksberg C,Sagasvej,55.67567000000008,12.567560000000071
580,1862,Frederiksberg C,Rathsacksvej,55.67567000000008,12.567560000000071
581,1863,Frederiksberg C,Ceresvej,55.67567000000008,12.567560000000071
582,1864,Frederiksberg C,Grundtvigsvej,55.67567000000008,12.567560000000071
583,1865,Frederiksberg C,Grundtvigs Sidevej,55.67567000000008,12.567560000000071
584,1866,Frederiksberg C,Henrik Steffens Vej,55.67567000000008,12.567560000000071
585,1867,Frederiksberg C,Acaciavej,55.67567000000008,12.567560000000071
586,1868,Frederiksberg C,Bianco Lunos Allé,55.67567000000008,12.567560000000071
587,1870,Frederiksberg C,Bülowsvej,55.67567000000008,12.567560000000071
588,1871,Frederiksberg C,Thorvaldsensvej,55.67567000000008,12.567560000000071
589,1872,Frederiksberg C,Bomhoffs Have,55.67567000000008,12.567560000000071
590,1873,Frederiksberg C,Helenevej,55.67567000000008,12.567560000000071
591,1874,Frederiksberg C,Harsdorffsvej,55.67567000000008,12.567560000000071
592,1875,Frederiksberg C,Amalievej,55.67567000000008,12.567560000000071
593,1876,Frederiksberg C,Kastanievej,55.67567000000008,12.567560000000071
594,1877,Frederiksberg C,Lindevej,55.67567000000008,12.567560000000071
595,1878,Frederiksberg C,Uraniavej,55.67567000000008,12.567560000000071
596,1879,Frederiksberg C,H.C. Ørsteds Vej,55.67567000000008,12.567560000000071
597,1900,Frederiksberg C,Vodroffsvej,55.67567000000008,12.567560000000071
598,1901,Frederiksberg C,Tårnborgvej,55.67567000000008,12.567560000000071
599,1902,Frederiksberg C,Lykkesholms Allé,55.67567000000008,12.567560000000071
600,1903,Frederiksberg C,Sankt Knuds Vej,55.67567000000008,12.567560000000071
601,1904,Frederiksberg C,Forhåbningsholms Allé,55.67567000000008,12.567560000000071
602,1905,Frederiksberg C,Svanholmsvej,55.67567000000008,12.567560000000071
603,1906,Frederiksberg C,Schønbergsgade,55.67567000000008,12.567560000000071
604,1908,Frederiksberg C,Prinsesse Maries Allé,55.67567000000008,12.567560000000071
605,1909,Frederiksberg C,Vodroffs Tværgade,55.67567000000008,12.567560000000071
606,1910,Frederiksberg C,Danasvej,55.67567000000008,12.567560000000071
607,1911,Frederiksberg C,Niels Ebbesens Vej,55.67567000000008,12.567560000000071
608,1912,Frederiksberg C,Svend Trøsts Vej,55.67567000000008,12.567560000000071
609,1913,Frederiksberg C,Carl Plougs Vej,55.67567000000008,12.567560000000071
610,1914,Frederiksberg C,Vodroffslund,55.67567000000008,12.567560000000071
611,1915,Frederiksberg C,Danas Plads,55.67567000000008,12.567560000000071
612,1916,Frederiksberg C,Norsvej,55.67567000000008,12.567560000000071
613,1917,Frederiksberg C,Sveasvej,55.67567000000008,12.567560000000071
614,1920,Frederiksberg C,Forchhammersvej,55.67567000000008,12.567560000000071
615,1921,Frederiksberg C,Sankt Markus Plads,55.67567000000008,12.567560000000071
616,1922,Frederiksberg C,Sankt Markus Allé,55.67567000000008,12.567560000000071
617,1923,Frederiksberg C,Johnstrups Allé,55.67567000000008,12.567560000000071
618,1924,Frederiksberg C,Steenstrups Allé,55.67567000000008,12.567560000000071
619,1925,Frederiksberg C,Julius Thomsens Plads,55.67567000000008,12.567560000000071
620,1926,Frederiksberg C,Martinsvej,55.67567000000008,12.567560000000071
621,1927,Frederiksberg C,Suomisvej,55.67567000000008,12.567560000000071
622,1928,Frederiksberg C,Filippavej,55.67567000000008,12.567560000000071
623,1931,Frederiksberg C,Ufrankerede svarforsendelser,55.67567000000008,12.567560000000071
624,1950,Frederiksberg C,Hostrupsvej,55.67567000000008,12.567560000000071
625,1951,Frederiksberg C,Christian Richardts Vej,55.67567000000008,12.567560000000071
626,1952,Frederiksberg C,Falkonervænget,55.67567000000008,12.567560000000071
627,1953,Frederiksberg C,Sankt Nikolaj Vej,55.67567000000008,12.567560000000071
628,1954,Frederiksberg C,Hostrups Have,55.67567000000008,12.567560000000071
629,1955,Frederiksberg C,Dr. Abildgaards Allé,55.67567000000008,12.567560000000071
630,1956,Frederiksberg C,L.I. Brandes Allé,55.67567000000008,12.567560000000071
631,1957,Frederiksberg C,N.J. Fjords Allé,55.67567000000008,12.567560000000071
632,1958,Frederiksberg C,Rolighedsvej,55.67567000000008,12.567560000000071
633,1959,Frederiksberg C,Falkonergårdsvej,55.67567000000008,12.567560000000071
634,1960,Frederiksberg C,Åboulevard 15-55,55.68527000000006,12.551206216000026
635,1961,Frederiksberg C,J.M. Thieles Vej,55.67567000000008,12.567560000000071
636,1962,Frederiksberg C,Fuglevangsvej,55.67567000000008,12.567560000000071
637,1963,Frederiksberg C,Bille Brahes Vej,55.67567000000008,12.567560000000071
638,1964,Frederiksberg C,Ingemannsvej,55.67567000000008,12.567560000000071
639,1965,Frederiksberg C,Erik Menveds Vej,55.67567000000008,12.567560000000071
640,1966,Frederiksberg C,Steenwinkelsvej,55.67567000000008,12.567560000000071
641,1967,Frederiksberg C,Svanemosegårdsvej,55.67567000000008,12.567560000000071
642,1970,Frederiksberg C,Rosenørns Allé 1-65 + 20-70,55.68221983600006,12.55191086800005
643,1971,Frederiksberg C,Adolph Steens Allé,55.67567000000008,12.567560000000071
644,1972,Frederiksberg C,Worsaaesvej,55.67567000000008,12.567560000000071
645,1973,Frederiksberg C,Jakob Dannefærds Vej,55.67567000000008,12.567560000000071
646,1974,Frederiksberg C,Julius Thomsens Gade Ulige nr,55.68295500000005,12.554367936000062
647,1999,Frederiksberg C,Rosenørns Allé 22,55.67567000000008,12.567560000000071
648,2000,Frederiksberg,Normasvej 31,55.67040006872977,12.511796217117112
649,2100,København Ø,2100 København Ø,55.70564500000006,12.57247404900005
650,2200,København N,Vedbækgade 12,55.69671500000004,12.543885769000042
651,2300,København S,Englandsvej 94,55.65277000000003,12.601428921000036
652,2400,København NV,Hovmestervej,55.70957500000003,12.528592479000054
653,2450,København SV,Händelsvej 21,55.64903029800007,12.525541926000074
654,2500,Valby,Høffdingsvej 5B,55.660105000000044,12.50181682400006
655,2620,Albertslund,Vesterbrogade 2A,55.67567000000008,12.567560000000071
656,2700,Brønshøj,Frederikssundsvej 256,55.70945500000005,12.482917955000062
657,2720,Vanløse,Veras Allé 10,55.688195000000064,12.485983882000028
